test,avg_time,median_time,min_time,max_time,std_time,count_time_gt_30
StackBad,1.799927483320236,1.7199212312698364,1.0516784191131592,3.772705793380737,0.45276261128542533,0
StackBad_normalJPF,2.2841938455104827,2.2790064811706543,2.1030075550079346,2.685652256011963,0.0708211857111146,0
TwostageBad,7.607848650217056,7.140132904052734,1.2649338245391846,29.93934440612793,3.7855650132235437,0
TwostageBad_normalJPF,2.858404706954956,2.6373273134231567,1.9508180618286133,9.201908826828005,0.7058141798783186,0
Wronglock1Bad,1.3493567390441894,1.337224006652832,1.176898717880249,1.6917309761047363,0.07443208808314827,0
Wronglock1Bad_normalJPF,1.364552072763443,1.3651221990585327,1.2383394241333008,1.6108300685882568,0.04371288790463942,0
Wronglock3Bad,1.5568248164688552,1.5309312343597412,0.9999,2.0457561016082764,0.12374754284507215,0
Wronglock3Bad_normalJPF,7.334985324552843,7.331374645233154,1.0,7.95818018913269,0.27260305550348357,0
WronglockBad,1.421269054412842,1.404866099357605,1.1954898834228516,2.3486883640289307,0.1048403523382199,0
WronglockBad_normalJPF,,,,,,1000
